Datetime,Water Level (m)
2025-10-17 12:00:00,0.05041496
2025-10-17 13:00:00,0.40427542
2025-10-17 14:00:00,0.6462317
2025-10-17 15:00:00,0.8072552
2025-10-17 16:00:00,0.82892853
2025-10-17 17:00:00,0.6948656
2025-10-17 18:00:00,0.41490653
2025-10-17 19:00:00,0.13265914
2025-10-17 20:00:00,-0.07843643
2025-10-17 21:00:00,-0.24325866
2025-10-17 22:00:00,-0.3578598
2025-10-17 23:00:00,-0.35725665
2025-10-18 00:00:00,0.0062526823
2025-10-18 01:00:00,0.42618525
2025-10-18 02:00:00,0.6973877
2025-10-18 03:00:00,0.8764241
2025-10-18 04:00:00,0.92554015
2025-10-18 05:00:00,0.78984857
2025-10-18 06:00:00,0.49696812
2025-10-18 07:00:00,0.19220766
2025-10-18 08:00:00,-0.041513197
2025-10-18 09:00:00,-0.23742318
2025-10-18 10:00:00,-0.3761227
2025-10-18 11:00:00,-0.46308526
2025-10-18 12:00:00,-0.29917815
2025-10-18 13:00:00,0.216565
2025-10-18 14:00:00,0.56455934
2025-10-18 15:00:00,0.8187941
2025-10-18 16:00:00,0.98229367
2025-10-18 17:00:00,0.9602879
2025-10-18 18:00:00,0.73928535
2025-10-18 19:00:00,0.3966771
2025-10-18 20:00:00,0.117291205
2025-10-18 21:00:00,-0.09861641
2025-10-18 22:00:00,-0.27294907
2025-10-18 23:00:00,-0.3833502
2025-10-19 00:00:00,-0.3431933
2025-10-19 01:00:00,0.13299188
2025-10-19 02:00:00,0.5313714
2025-10-19 03:00:00,0.80400896
2025-10-19 04:00:00,0.97757494
2025-10-19 05:00:00,0.97172636
2025-10-19 06:00:00,0.7478352
2025-10-19 07:00:00,0.3955325
2025-10-19 08:00:00,0.10078841
2025-10-19 09:00:00,-0.12641731
2025-10-19 10:00:00,-0.3183945
2025-10-19 11:00:00,-0.44991353
2025-10-19 12:00:00,-0.4636657
2025-10-19 13:00:00,-0.025933558
2025-10-19 14:00:00,0.4390767
2025-10-19 15:00:00,0.7665235
2025-10-19 16:00:00,1.01283
2025-10-19 17:00:00,1.10329
2025-10-19 18:00:00,0.97607315
2025-10-19 19:00:00,0.6431726
2025-10-19 20:00:00,0.30144098
2025-10-19 21:00:00,0.040468648
2025-10-19 22:00:00,-0.17947416
2025-10-19 23:00:00,-0.3478586
2025-10-20 00:00:00,-0.44560564
2025-10-20 01:00:00,-0.2595759
2025-10-20 02:00:00,0.30865383
2025-10-20 03:00:00,0.66695964
2025-10-20 04:00:00,0.90656424
2025-10-20 05:00:00,1.021202
2025-10-20 06:00:00,0.8990905
2025-10-20 07:00:00,0.56011575
2025-10-20 08:00:00,0.21954642
2025-10-20 09:00:00,-0.037036877
2025-10-20 10:00:00,-0.25395975
2025-10-20 11:00:00,-0.4158466
2025-10-20 12:00:00,-0.51148075
2025-10-20 13:00:00,-0.3651821
2025-10-20 14:00:00,0.2148365
2025-10-20 15:00:00,0.6301906
2025-10-20 16:00:00,0.94565916
2025-10-20 17:00:00,1.1492021
2025-10-20 18:00:00,1.1338255
2025-10-20 19:00:00,0.87269896
2025-10-20 20:00:00,0.48909083
2025-10-20 21:00:00,0.17834142
2025-10-20 22:00:00,-0.0622363
2025-10-20 23:00:00,-0.26912802
2025-10-21 00:00:00,-0.4100706
2025-10-21 01:00:00,-0.42808533
2025-10-21 02:00:00,0.03135384
2025-10-21 03:00:00,0.49317202
2025-10-21 04:00:00,0.7976567
2025-10-21 05:00:00,0.99204785
2025-10-21 06:00:00,0.9937975
2025-10-21 07:00:00,0.73994595
2025-10-21 08:00:00,0.36684716
2025-10-21 09:00:00,0.0754466
2025-10-21 10:00:00,-0.15441412
2025-10-21 11:00:00,-0.35072696
2025-10-21 12:00:00,-0.49267375
2025-10-21 13:00:00,-0.51517594
2025-10-21 14:00:00,-0.041983373
2025-10-21 15:00:00,0.46765906
2025-10-21 16:00:00,0.84104913
2025-10-21 17:00:00,1.1252345
2025-10-21 18:00:00,1.2181021
2025-10-21 19:00:00,1.0527855
2025-10-21 20:00:00,0.67512196
2025-10-21 21:00:00,0.32914007
2025-10-21 22:00:00,0.078401245
2025-10-21 23:00:00,-0.14314032
2025-10-22 00:00:00,-0.31927934
2025-10-22 01:00:00,-0.42072085
2025-10-22 02:00:00,-0.27636638
2025-10-22 03:00:00,0.29352552
2025-10-22 04:00:00,0.66871834
2025-10-22 05:00:00,0.92239106
2025-10-22 06:00:00,1.0393046
2025-10-22 07:00:00,0.9013905
2025-10-22 08:00:00,0.53715163
2025-10-22 09:00:00,0.20347756
2025-10-22 10:00:00,-0.055201277
2025-10-22 11:00:00,-0.27301872
2025-10-22 12:00:00,-0.43446153
2025-10-22 13:00:00,-0.52620274
2025-10-22 14:00:00,-0.3240003
2025-10-22 15:00:00,0.281517
2025-10-22 16:00:00,0.7023388
2025-10-22 17:00:00,1.035357
2025-10-22 18:00:00,1.2374457
2025-10-22 19:00:00,1.1996214
2025-10-22 20:00:00,0.90532553
2025-10-22 21:00:00,0.51823074
2025-10-22 22:00:00,0.22827865
2025-10-22 23:00:00,-0.0069404654
2025-10-23 00:00:00,-0.20999579
2025-10-23 01:00:00,-0.35139677
2025-10-23 02:00:00,-0.354972
2025-10-23 03:00:00,0.09461073
2025-10-23 04:00:00,0.5292732
2025-10-23 05:00:00,0.8235908
2025-10-23 06:00:00,0.9981059
2025-10-23 07:00:00,0.96721506
2025-10-23 08:00:00,0.68649405
2025-10-23 09:00:00,0.3185753
2025-10-23 10:00:00,0.042042688
2025-10-23 11:00:00,-0.17588417
2025-10-23 12:00:00,-0.35806915
